train_loss,epoch
21.183717727661133,0
20.822458267211914,1
20.78421401977539,1
20.614124298095703,2
20.639015197753906,2
20.38465118408203,3
20.41442108154297,3
20.092321395874023,4
20.193784713745117,4
