train_loss,epoch
21.142297744750977,0
20.87550163269043,1
20.631229400634766,1
20.4936580657959,2
20.585447311401367,2
20.32841682434082,3
20.386720657348633,3
20.14061164855957,4
20.30843162536621,4
