train_loss,epoch
21.00455093383789,0
20.947738647460938,1
20.75278091430664,1
20.685171127319336,2
20.55682373046875,2
20.36266326904297,3
20.151020050048828,3
20.025957107543945,4
20.290403366088867,4
