train_loss,epoch
21.09339714050293,0
20.716310501098633,1
20.795076370239258,1
20.456378936767578,2
20.644630432128906,2
20.135562896728516,3
20.461814880371094,3
20.1418399810791,4
20.020191192626953,4
