train_loss,epoch
1641.714599609375,0
1709.89990234375,1
1639.974365234375,1
1619.791015625,2
1572.0770263671875,2
1638.4490966796875,3
1451.3916015625,3
1442.4482421875,4
1434.6978759765625,4
