train_loss,epoch
1552.76953125,0
1641.18359375,1
1560.989990234375,1
1526.4468994140625,2
1503.7469482421875,2
1516.5458984375,3
1511.9542236328125,3
1532.937255859375,4
1500.748291015625,4
