train_loss,epoch
1923.9462890625,0
1935.589111328125,1
1611.13720703125,1
1513.54443359375,2
1517.02587890625,2
1508.9676513671875,3
1434.103759765625,3
1431.5947265625,4
1404.6402587890625,4
