train_loss,epoch
1619.82275390625,0
1522.00341796875,1
1530.3514404296875,1
1583.1251220703125,2
1514.8662109375,2
1493.9757080078125,3
1588.18896484375,3
1407.526611328125,4
1381.29736328125,4
1679.1231689453125,0
1783.603271484375,1
1648.379638671875,1
1613.224609375,2
1701.03515625,2
1755.7900390625,3
1573.5137939453125,3
1519.763916015625,4
1465.123779296875,4
