train_loss,epoch
21.207651138305664,0
20.723052978515625,1
20.824077606201172,1
20.36712074279785,2
20.606163024902344,2
20.41179656982422,3
20.219980239868164,3
20.45334815979004,4
20.168598175048828,4
