train_loss,epoch
21.121089935302734,0
20.658145904541016,1
20.62374496459961,1
20.44054412841797,2
20.584028244018555,2
20.50943946838379,3
20.296825408935547,3
19.999181747436523,4
20.145687103271484,4
21.15230369567871,0
20.800533294677734,1
20.671342849731445,1
20.42803382873535,2
20.696197509765625,2
20.453975677490234,3
20.194040298461914,3
20.04199981689453,4
20.14636993408203,4
