train_loss,epoch
1752.65869140625,0
1725.4786376953125,1
1690.019775390625,1
1645.338623046875,2
1635.57177734375,2
1594.121337890625,3
1520.318359375,3
1530.517333984375,4
1700.486572265625,4
