train_loss,epoch
21.20241355895996,0
20.89269256591797,1
20.815237045288086,1
20.500606536865234,2
20.65519142150879,2
20.301177978515625,3
20.157760620117188,3
20.27423095703125,4
20.34845542907715,4
