train_loss,epoch
21.243154525756836,0
20.7786808013916,1
20.749711990356445,1
20.562578201293945,2
20.581716537475586,2
20.464479446411133,3
20.293914794921875,3
20.35944175720215,4
20.44734764099121,4
