train_loss,epoch
21.025697708129883,0
20.792463302612305,1
20.819259643554688,1
20.409229278564453,2
20.474512100219727,2
20.2348690032959,3
20.331350326538086,3
20.150177001953125,4
20.490550994873047,4
