train_loss,epoch
21.25836181640625,0
20.871673583984375,1
20.770051956176758,1
20.573522567749023,2
20.406219482421875,2
20.230623245239258,3
20.23556900024414,3
20.17329216003418,4
20.23067283630371,4
