train_loss,epoch
21.199790954589844,0
20.920291900634766,1
20.813718795776367,1
20.788034439086914,2
20.70440673828125,2
20.345943450927734,3
20.277095794677734,3
20.23253059387207,4
20.254222869873047,4
