train_loss,epoch
21.1193790435791,0
20.69988441467285,1
20.668617248535156,1
20.427881240844727,2
20.51239585876465,2
20.329421997070312,3
20.382335662841797,3
20.2214412689209,4
20.178529739379883,4
