train_loss,epoch
1623.842041015625,0
1570.346435546875,1
1478.8719482421875,1
1458.879150390625,2
1447.77783203125,2
1361.359375,3
1354.113037109375,3
1311.247314453125,4
1302.408447265625,4
