train_loss,epoch
21.003881454467773,0
20.923137664794922,1
20.631065368652344,1
20.373273849487305,2
20.44780921936035,2
20.357040405273438,3
20.22422981262207,3
20.01957893371582,4
20.251867294311523,4
