train_loss,epoch
21.16809844970703,0
20.678390502929688,1
20.619609832763672,1
20.364707946777344,2
20.47418785095215,2
20.29155731201172,3
20.258342742919922,3
20.04561424255371,4
20.33595085144043,4
