train_loss,epoch
20.980730056762695,0
20.458311080932617,1
20.203964233398438,1
20.179805755615234,2
19.91082191467285,2
19.863407135009766,3
19.782150268554688,3
19.71898651123047,4
19.612442016601562,4
