train_loss,epoch
21.3101863861084,0
20.83760643005371,1
20.70401382446289,1
20.54775047302246,2
20.669498443603516,2
20.55771827697754,3
20.243295669555664,3
20.139429092407227,4
20.135725021362305,4
