train_loss,epoch
21.15945816040039,0
20.642589569091797,1
20.237667083740234,1
20.033620834350586,2
19.947410583496094,2
19.66213035583496,3
19.435190200805664,3
19.440488815307617,4
19.5174560546875,4
