train_loss,epoch
1627.4241943359375,0
1668.580810546875,1
1631.52783203125,1
1602.29736328125,2
1733.8504638671875,2
1640.292236328125,3
1597.728271484375,3
1515.4893798828125,4
1492.85400390625,4
